source,date,rating,text,version
Google Play,2025-12-10,3,"Je trouve cette application,tr√®s impressionnante,",1.7.1
Google Play,2025-12-10,5,r√©ponses pertinentes ! il peut y avoir des erreurs mais tr√®s rares,1.6.1
Google Play,2025-12-09,5,"Tr√®s Pro, je suis ravie de cette performance et avanc√©e technologique.",1.6.1
App Store,2025-12-09,5,"Une d√©couverte surprenante et tr√®s importante de par sa qualit√© tant technique que dans ses performances analytiques bluffantes d‚Äôanalyse critique merci pour votre participation √† ce moyen novateur de porter un regard sur le monde 
Landopsy",1.7.0
Google Play,2025-12-09,5,"Peut-√™tre pas le meilleur, mais presque tout le temps donne satisfaction. Pas trop bavard contrairement √† d'autres et surtout tr√®s rapide. Il ne lui manque que la parole.",1.6.1
Google Play,2025-12-09,5,"Fais le taf, data center europ√©ens donc sous des normes de protection de donn√©es plus importantes que les concurrents am√©ricains, avec des datas center eaucoup plus √©cologiques que ceux d'outre atlantique. aide a garder une souverainet√© europ√©enne dans les nouvelles technologies",1.6.1
Google Play,2025-12-09,5,tres bon outil adapt√© pour mes diff√©rents projets Je recommande +++,1.1.23
Google Play,2025-12-09,5,excellent,1.6.1
Google Play,2025-12-09,5,C'est un miracle d'avoir cette soci√©t√© ouverte (open source) et europ√©enne avec une IA d'une telle qualit√© ! j'attends juste une voix qui nous r√©pond dans le mode vocal et je m'abonnerai sans h√©siter.,1.6.1
Google Play,2025-12-09,5,n'a rien √† envier aux concurrents sur me march√©,1.6.1
Google Play,2025-12-09,5,Super,1.5.0
Google Play,2025-12-09,5,adapt√© √† mes questions cibl√©es. anticipe bien les questions complementaires,1.6.1
Google Play,2025-12-09,5,"rapide ,efficace, bravo!",1.5.0
Google Play,2025-12-09,5,je n'utilise plus que cette ia et en suis parfaitement satisfaite !!!üëçüëçüëçüëç,1.6.1
Google Play,2025-12-09,4,"une ia au top, mais connait quelques hallucinations et difficile de le remettre sur les rails.",1.7.1
Google Play,2025-12-09,5,laissez tomber chatgpt !,1.6.1
Google Play,2025-12-08,5,"Mistral me donne enti√®re satisfaction, parfait üëç",1.6.1
App Store,2025-12-08,5,"Application facile √† prendre en mains, r√©pond parfaitement ce pourquoi vous l‚Äôavez t√©l√©charg√©. 
Trust the progress",1.6.0
App Store,2025-12-08,5,J‚Äôaimerais obtenir un programme de musculation,1.6.0
App Store,2025-12-08,5,"Le chat donne souvent des r√©ponses plus d√©taill√©es et mieux document√©es que ChatGpt. Bravo Le Chat, tu es mon IA pr√©f√©r√©e",1.6.0
App Store,2025-12-08,4,Tr√®s bonne IA mais parfois oubli ou ignore les pr√©c√©dents messages se qui peut rendre la d√©marche d‚Äôapprofondissement d‚Äôun sujet compliqu√©.,1.6.0
Google Play,2025-12-08,5,La meilleure application,1.6.1
Google Play,2025-12-08,5,superbe explication,1.6.1
Google Play,2025-12-08,4,plut√¥t efficace mais il y a quelque fois des erreurs de calcul,1.5.0
App Store,2025-12-08,5,"Le chat est tr√®s performant est nous permettra de garder la souverainet√© sur nos donn√©es et leur utilisations , √† privil√©gier !",1.6.0
Google Play,2025-12-08,5,excellente conversation et je trouve assez pointu sur les questions scientifiques,1.6.1
Google Play,2025-12-08,5,Mistral fonctionne super bien. j'en suis fan.,1.6.1
Google Play,2025-12-08,5,bravo c'est souvent tr√®s bien document√©. l'utilisation est facile et intuitive. √ßa m'aide dans mon travail universitaire. et c'est francais. je n'utilise que cette IA,1.6.1
Google Play,2025-12-08,5,"Tr√®s rapide, conseils justes, informations v√©rifiables sur demande des sources. Cette intelligence artificielle est particuli√®rement efficace pour les dossiers li√©s au droit fran√ßais ou europ√©en.",1.6.1
Google Play,2025-12-08,5,C mon llm favoris car r√©ponse tr√®s pertinente et pour moi le meilleur llm en fran√ßais,1.6.1
Google Play,2025-12-08,1,je l'ai d√©sinstaller il n'est plus du tout viable 1 ‚≠ê,1.6.1
Google Play,2025-12-08,5,C'est tellement simple √† utiliser et pratique,1.6.1
Google Play,2025-12-08,5,impressionnant !,1.6.1
Google Play,2025-12-08,5,rapide l√©ger et efficace,1.6.1
Google Play,2025-12-07,5,incroyable,1.6.1
Google Play,2025-12-07,4,"impeccable, une bonne aide m√©moire.",1.6.1
Google Play,2025-12-07,1,"Pas de mode vocal... Je vais donc d√©sinstaller, √† notre √©poque, c'est compl√®tement d√©pass√© maintenant",1.6.1
Google Play,2025-12-07,5,G√©nial pour la programmation en Python (mais il faut comprendre le code g√©n√©r√© pour progresser). G√©nial pour des recettes de cuisine sans pub. et les infos ne sont pas transmise √† Trump contrairement au mod√®le √©tatsuniens...,1.6.1
Google Play,2025-12-07,2,"super front, very bad llm",1.6.1
App Store,2025-12-07,5,"M√™me principe que pour un animal : √™tre clair constant exigeant rappeler constamment les r√®gles qui ont √©t√© d√©finies et valid√©es 
Un travail de chaque instant mais pas besoin de donner des croquettes",1.6.0
App Store,2025-12-07,5,"Je d√©couvre IA depuis quelques mois, je suis tr√®s agr√©ablement surpris. 
Une collaboration se d√©veloppe qui s‚Äôenrichit √† chaque consultation de IA.
Une Aide pr√©cieuse. Pour m‚Äôaider dans la r√©flexion et √† faire mes propres choix.
Les valeurs fran√ßaises pour moi sont importantes Ainsi que l‚Äôinvestissement pour la France
C‚Äôest pour cela que j‚Äôai choisi le chat encourager des investissements humain et en France. Je continuerai √† encourager le chat.
Et j‚Äôenvisage tr√®s prochainement de passer un abonnement payant pour collaborer au d√©veloppement du chat et de Mistral IA.
Christophe",1.6.0
App Store,2025-12-07,5,"Pas de fioritures dans l‚Äôapplication ! Juste le n√©cessaire, c‚Äôest rapide efficace et fran√ßais ! Je recommande notamment parce que le langage r√©pond √† vos requ√™tes sans abstraction et enjolivements que proposent les concurrents. √Ä l‚Äôheure o√π la souverainet√© devient une question crucial, l‚Äôutilisation de cette application nous propose une alternative de tr√®s bon choix.",1.6.0
Google Play,2025-12-07,5,vive la France,1.6.1
Google Play,2025-12-07,5,tr√®s bien expliqu√©,1.6.1
Google Play,2025-12-07,5,pas mal,1.6.1
Google Play,2025-12-07,5,"Mon ia pr√©f√©r√©e, de mieux en mieux.",1.6.1
Google Play,2025-12-07,5,plus fiable que chtGpt,1.6.1
Google Play,2025-12-07,5,tr√®s bonne application,1.6.1
Google Play,2025-12-06,5,"J'ai derni√®rement d√©cid√© de regarder les alternatives fran√ßaises ou europ√©ennes aux propositions am√©ricaines. Les premi√®res versions du Chat Mistral m'avaient d√©√ßu, et je n'avais pas test√© cette LLM depuis fort longtemps, et je viens donc de le faire. Quel changement ! R√©ponses rapides, pertinentes, mise en page agr√©able, facile √† lire. Bravo.",1.6.1
Google Play,2025-12-06,5,"C'est un tr√®s bon ""ami qui sait tout"", qui explique bien, et sans arri√®res pens√©es business cach√©es en embuscade. J'ai arr√™t√© d'utiliser les autres (sauf par curiosit√© et pour comparer, bien s√ªr)",1.6.1
Google Play,2025-12-06,4,Excellent mod√®le d'IA g√©n√©rative. Tr√®s bonne capacit√© de traitement de documents pdf. L'√©cart de performances avec les LLM am√©ricains se r√©duit avec le temps. Le Chat continue sa progression...,1.6.1
Google Play,2025-12-06,5,"fait le taff, en fran√ßais nativement",1.6.1
Google Play,2025-12-06,5,"sagesse ,logique,etc...",1.6.1
Google Play,2025-12-06,5,tr√®s enrichissant...,1.6.1
Google Play,2025-12-06,5,"pr√©cis et efficace, et cerise sur le g√¢teau ... Fran√ßais !",1.6.1
Google Play,2025-12-06,5,cette application open source √©volue bravo √† tous les d√©veloppeurs merci pour votre engagement,1.6.1
App Store,2025-12-06,5,"Super alternative fran√ßaise √† ChatGPT, vive Mistral!",1.6.0
Google Play,2025-12-05,5,bien progress√©,1.6.1
App Store,2025-12-05,5,Tr√®s simple et rapide,1.6.0
App Store,2025-12-05,2,"L‚ÄôIA Mistral est tr√®s pouss√©e tr√®s int√©ressante, mais cette application est compl√®tement nulle: impossible de copier des parties de texte pour les transmettre, les enregistrer, le copier coller est horrible avec les marques de caract√®res (*) et de paragraphe (#)
Pas de partage oral pour les questions r√©ponses (vs ChatGPT)",1.6.0
App Store,2025-12-05,5,Excellent j adore,1.6.0
App Store,2025-12-05,5,"Je suis admiratif du r√©sultat de ce produit sur des essais de nature tr√®s diff√©rentes 
Sur des r√©sultats d'analyse de prise de sang 
Sur la cause de trajectoires de golf 
Pour trouver un produit sur internet",1.6.0
App Store,2025-12-05,5,"IA tr√®s pertinente et agr√©able d‚Äôusage
Merci Mistral",1.6.0
Google Play,2025-12-05,5,Tr√®s bien dans l'ensemble pour un renseignement ponctuel.,1.6.1
App Store,2025-12-05,5,Le best,1.6.0
Google Play,2025-12-05,5,rapide et pertinent. avis exprim√©s dans un bon fran√ßais.,1.6.1
Google Play,2025-12-05,5,"Le CHAT n'a ABSOLUMENT Rien a envier √† ChatGPT interface simple, agr√©able et en plus chers amis c'est Fran√ßais alors encourageons n√¥tre √©conomie. Voil√† ! üòé",1.6.1
Google Play,2025-12-05,5,Resultats impressionnants !,1.6.1
Google Play,2025-12-05,5,"Ces r√©ponses st structur√©es, simple de compr√©hension et j'aime bcp les √©changes IA/humain de cette appli. De plus, le fait qu'elle soit fran√ßaise me rassure plus que ttes les autres IA, que j'utilise aussi ms en comparraison le Chat est celle qui m'est le plus adapt√© et dt je ne v√©rifie pas les r√©ponses!!!",1.6.1
Google Play,2025-12-05,5,ABSOLUTE CINEMA üôåüèΩ,1.6.1
App Store,2025-12-05,5,"R√©ponse rapide, concis et juste",1.6.0
App Store,2025-12-04,5,"Mistral IA va au del√† du ¬´¬†simple¬†¬ª LLM. Modulable et √† la pointe des derni√®res innovations, il permet d‚Äôorganiser simplement ses sujets et d‚Äôexplorer en permanence de nouveaux usages. √Ä tester d‚Äôurgence !",1.6.0
App Store,2025-12-04,5,Depuis que les photos sont limit√©s √† 1 par jour c‚Äôest une tr√®s bonne alternative.,1.6.0
App Store,2025-12-04,5,Pour avoir test√©  les memes sujets avec d‚Äôautres A I je ne conserve que le Chat by Mistral AI,1.6.0
App Store,2025-12-04,5,"Les informations donn√©es sont tr√®s pr√©cises et document√©es. En moyenne avec 3 questions successives, j‚Äôai eu des retours tr√®s pertinents et utiles.",1.6.0
Google Play,2025-12-04,4,"La r√©ponse est vraiment √† la hauteur de mes attentes, √† savoir une synth√®se des diff√©rents courants philosophiques, il me reste d√©sormais √† creuser le sujet...",1.1.21
Google Play,2025-12-04,5,bien mieux que gemini comme reponse,1.4.0
Google Play,2025-12-04,5,tr√®s satisfait de l'utilisation de Le Chat. de plus en plus performant. content aussi que ce soit une entreprise Fran√ßaise.,1.6.1
Google Play,2025-12-04,5,Super. Et qui ne vole pas nos donn√©es. Et qui est europ√©en.,1.6.1
Google Play,2025-12-04,5,outil tr√®s efficace qui me sert toujours pour confirmer mes sources ou √† les compl√©ter. merci,1.6.1
Google Play,2025-12-04,5,"J'attendais avec impatience son arriv√©e sur smartphone. Enfin une intelligence artificielle sur mobile en open source, et tr√®s performante qui plus est.",1.6.1
Google Play,2025-12-04,5,Le chat est une intelligence artificielle parfaite qui repond a toute nos questions et n oublie aucun details . pour t'aider √† trouver des informations. il est tout aussi performent en disant toute les possibilit√©s les choix a faire selon le cas particulier c est vraiment parfait,1.6.1
Google Play,2025-12-04,5,"R√©actif et synth√©tique, c'est top !",1.4.0
Google Play,2025-12-04,5,les r√©ponses sont adapt√©es,1.1.23
Google Play,2025-12-04,5,Les r√©ponses me semble pertinentes et en plus c'est un site fran√ßais,1.5.0
Google Play,2025-12-03,5,excellente application avec une interface simple et efficace que l'on s'approprie facilement.,1.6.1
Google Play,2025-12-03,5,"J'adore cette application üòÅ, c'est vraiment hyper cool et illimit√©. mais j'aimerai que l'auteur puisse ajouter une lecture automatique (√ßa me fier de tout lire üòÖ), mais √ßa reste Top üòè",1.5.0
Google Play,2025-12-03,3,"M√™me si l'IA fonctionne correctement, elle a tout de m√™me pris du retard compar√© aux autres mod√®les. je la trouve moins pertinentes dans ses r√©ponses l√† o√π des Gemini 2.5 ou GPT 5 fonctionnent vraiment bien et ont beaucoup plus de fonctionnalit√©s int√©ressantes disponibles",1.6.1
Google Play,2025-12-03,5,hallucinant !,1.5.0
Google Play,2025-12-03,5,des renseignements et explications toujours tr√®s claires . Merci,1.6.1
Google Play,2025-12-03,3,la loupe fig√©e milieu de l'√©cran est tr√®s d√©sagr√©able et apparemment il est impossible de la supprimer,1.6.1
Google Play,2025-12-03,5,incroyable !!! meilleur que les autres.,1.2.0
Google Play,2025-12-03,5,Appli g√©nial tr√®s utile et fonctionnelle. Rien √† redire j'en suis tr√®s content.,1.5.0
Google Play,2025-12-03,3,"Bonne application, qui comporte toutefois un bug majeur chez moi (Motorola E14, android 14 √† jour), c'est que le dernier mot de certaines r√©ponses n'apparait pas. M√™me chose dans le menu param√®tres, o√π ""se d√©connecter"" devient ""se"". La fin de certains mots sont coup√©es telles que ""organisatio"" ou encore ""abonneme"" !",1.6.1
Google Play,2025-12-03,5,tr√®s pratique,1.6.1
App Store,2025-12-03,5,"Super fluide, et je trouve que c‚Äôest bien mieux r√©dig√© compar√© √† ChatGPT, c‚Äôest une tr√®s bonne alternative qui pour moi est largement sup√©rieur.",1.6.0
App Store,2025-12-03,5,Tr√®s facile d‚Äôutilisation et tr√®s bonne qualit√© de la r√©ponse. En 1 prompt j‚Äôai compris mon sujet ou il m‚Äôavait fallu plusieurs requ√™te Google,1.6.0
App Store,2025-12-02,5,"un instant, j‚Äôai obtenu un tas de renseignements qui vont pouvoir m‚Äôaider dans la r√©daction de texte et surtout augmenter mes comp√©tences. Merci",1.6.0
App Store,2025-12-02,5,Est ce que mistral veut s‚Äôinstaller sur notre commune on vous accueille,1.6.0
App Store,2025-12-02,5,Je suis toujours √©pat√©e de la rapidit√© et de l‚Äôefficacit√© avec laquelle Le Chat arrive √† faire une synth√®se des donn√©es qu‚Äôil trouve ; √ßa me fait gagner beaucoup de temps dans mes recherches.,1.6.0
App Store,2025-12-02,5,"J‚Äô√©tais un utilisateur tr√®s r√©gulier de ChatGPT, que j‚Äôutilisais pour des questions d‚Äôactualit√©, de synth√®se de fait historique, de voyage‚Ä¶ Bref, tout ce qu‚Äôon attend d‚Äôun assistant personnel moderne.
J‚Äôavais √©t√© d√©√ßu au d√©but de l‚Äôappli Le Chat. Mais tout ce que j‚Äôavais √† lui reprocher initialement a √©t√© gomm√© : l‚Äôutilisation d‚Äôune m√©moire propre, d‚Äôune personnalisation extr√™mement pouss√©e, qui permet √† l‚Äôassistant de r√©pondre exactement de la mani√®re que j‚Äôattend, l‚Äôutilisation des sources que je lui ai demand√© d‚Äôutiliser, mon contexte personnel qui lui permet de faire des r√©ponses tr√®s contextualis√©es‚Ä¶ mon Le Chat ainsi param√©tr√© est bien meilleur que mon ChatGPT, auquel j‚Äôai pourtant donn√© les m√™mes instructions, et qui poss√®dent la m√™me m√©moire. Le Chat est devenu mon assistant de premi√®re intention, tr√®s performant et surtout bien plus rapide. 
Il manque cependant quelques ameliorations par rapport √† son concurrent am√©ricain : compr√©hension d‚Äô≈ìuvre d‚Äôart dans un mus√©e tr√®s mauvaise, traduction de texte d‚Äôune photo ‚Ä¶ il p√™che encore sur ces sujets.",1.6.0
App Store,2025-12-02,5,Top !!!! Continuez,1.6.0
Google Play,2025-12-02,5,les r√©ponses sont rapides et assez pertinentes. merci,1.5.0
Google Play,2025-12-02,4,"Depuis la M√†J vers la version 1.6.0 sur Andro√Ød, du 02/12/25, l'application reste bloqu√©e sur l'√©cran du logo central ! Impossible d'aller plus loin... Vidage du cache et/ou des donn√©es ne change rien.",1.6.0
Google Play,2025-12-02,2,Super,1.6.1
Google Play,2025-12-02,5,super application,1.5.0
Google Play,2025-12-02,1,bonne app mais la version 1.6.0 semble bugg√©e. je reste sur le splash screen ind√©finiment malgr√© un red√©marrage du t√©l√©phone et d'une r√©installation.,1.6.0
Google Play,2025-12-02,5,jamais d√©√ßu. si la commande est bien formul√©e le rendu est plus qu'acceptable,1.5.0
Google Play,2025-12-02,5,parfait,1.5.0
Google Play,2025-12-02,4,"Tr√®s bonne. Depuis 6 mois, j'ai ador√© j'ai appris beaucoup. les r√©ponses sont pertinentes.",1.6.1
Google Play,2025-12-02,5,"super ! rien √† dire de plus, je m'en sers exclusivement et j'en suis toujours tr√®s satisfaite !",1.5.0
Google Play,2025-12-02,5,super efficace et super complet en terme de r√©ponse compl√®te,1.5.0
Google Play,2025-12-02,1,Ne fonctionne plus sur tous mes t√©l√©phones,1.6.0
Google Play,2025-12-02,5,excellente application j appr√©cie particuli√®rement la possibilit√© et la facilit√© de consultation des sources.,1.5.0
Google Play,2025-12-02,4,"Horrible ce soir depuis la version d'aujourd'hui, 1.12.2025 - 1.06 Le Chat ne souvre plus ! aucune interaction possible ca me manque bcp",
Google Play,2025-12-02,5,surprenant et tres smart . üëè üëè üëè,1.5.0
Google Play,2025-12-01,5,IA fran√ßais en plus super,1.3.0
Google Play,2025-12-01,1,ne fonctionne plus depuis la mise a jour du 1/12/2025,1.6.0
App Store,2025-12-01,5,Excellente r√©ponse,1.5.0
Google Play,2025-12-01,4,"Meilleure IA utilis√©e √† ce jour, tr√®s peu d'erreurs observ√©es , bonne r√©daction, souveraine et √©thique, on adore!",1.5.0
Google Play,2025-12-01,5,bravo pour cette IA en fran√ßais,1.5.0
Google Play,2025-12-01,5,"Bonjour. - J'aimerais pouvoir cliquer directement sur les suggestions de fin de r√©ponse (comme sur la version web), plut√¥t que de devoir reformuler une nouvelle question sur le mini clavier de mon smartphone. - Une prise en compte simple des feedback utilisateurs / suggestions d'√©volution directement dans l'application serait tellement plus pertinente que de passer par ici.",1.5.0
Google Play,2025-12-01,5,l'IA que je pr√©f√®re,1.5.0
Google Play,2025-12-01,5,√áa va pour l'instant,1.5.0
Google Play,2025-12-01,5,bonne recherche,1.5.0
App Store,2025-12-01,5,"Une tr√®s belle innovation fran√ßaise, s√©duisante et qui rend beaucoup de services au quotidien - m√™me si elle ne remplace pas l‚Äôhumain elle l‚Äôaccompagne tr√®s efficacement dans ses recherch√©s rapidement",1.5.0
Google Play,2025-12-01,5,pas mal.,1.5.0
Google Play,2025-12-01,5,"La meilleure IA (fran√ßaise qui plus est !), abonn√© √† la version Pro depuis un moment j'en suis extr√™mement satisfait Que ce soit pour une utilisation r√©cr√©ative (inventions d'histoires, de personnages, JDR etc) ou plus s√©rieuse, Mistral ne d√©√ßoit jamais, c'est l'IA la plus polyvalente et facile d'utilisation que j'ai utilis√©e. Les bugs et d√©fauts de l'App pr√©sents dans sa premi√®re version ont √©t√© corrig√©s depuis je recommande chaudement",1.6.0
Google Play,2025-12-01,5,"Franchement pas mal. Enfin une IA qui ne finit pas toutes ces interventions avec une question si on lui demande de ne pas le faire ! Pour le reste, je la classe sur le podium des IA ! Top ! Malheureusement, je viens d'avoir une mise √† jour (One Ui 8.0 - Android 16) et depuis, l'appli plante √† l'ouverture. Impossible de l'utiliser. J'esp√®re pouvoir le faire √† nouveau tr√®s prochainement. üôè",1.6.0
Google Play,2025-12-01,1,ne fonctionne plus depuis la derni√®re mise √† jour,1.6.0
Google Play,2025-12-01,2,l'app ne s'ouvre plus depuis la derni√®re mise √† jour. j'ai d√©sinstall√© puis r√©install√© mais ne d√©marre toujours pas,1.6.0
App Store,2025-11-30,5,A quand une compatibilit√© Mac OS ?,1.5.0
App Store,2025-11-30,5,Tellement pratique et facilitant,1.5.0
Google Play,2025-11-30,1,le niveau de pr√©cision est faible et il faut insister pour obtenir des donn√©es agr√©g√©es. d√©veloppement √† poursuivre pour un int√©r√™t v√©ritable. le syst√®me ne sais pas faire d'addition juste. il ne respecte pas les instructions d'une demande √† l'autre. il modifie les donn√©es qu'on lui fournit donc les analyses sont fausses. bref l'outil est finalement une perte de temps car il est pas au point. je veux bien soutenir une startup fran√ßaise mais le service propos√© est clairement pas au niveau,1.5.0
Google Play,2025-11-30,5,r√©ponse pertinente en g√©n√©ral,1.5.0
Google Play,2025-11-30,5,"Elle est compl√®tement dingue cette application ! je suis bluff√©. En plus c'est fran√ßais, et j'ai donc supprim√© l'application chatGPT qui ne r√©pondait pas toujours √† mes attentes. Avec le Chat, les r√©ponses sont rapides mais surtout pertinente. Un grand merci !",1.5.0
Google Play,2025-11-30,5,bravo,1.4.0
Google Play,2025-11-30,5,tr√®s bien,1.5.0
App Store,2025-11-29,5,Merci Le Chat !!!,1.4.0
App Store,2025-11-29,3,Chat GPT est meilleur. Dommage,1.4.0
App Store,2025-11-29,5,"Lorsque l‚Äôon dicte oralement, une question mistral,  AI, r√©pond mieux de fa√ßon plus neutre, et la transcription en fran√ßais est bien souvent bien meilleure",1.4.0
App Store,2025-11-29,5,Switched to Mistral because it‚Äôs the leading EU alternative to US. Mistral closed the gaps with ChatGPT in terms of performance and main features. And it seems to be way more privacy-friendly. And above all it‚Äôs based in the EU.,1.4.0
Google Play,2025-11-29,3,"Enthousiaste √† essayer cette application, mais d√©√ßu √† l'usage. Effectivement, les r√©ponses ne sont pas toujours correctes m√™me parfois carr√©ment erron√©es, par exemple : il me donne une date de samedi 30 novembre 2025 alors qu'elle n'existe pas, et c'est la premi√®re illustration qui me vient √† l'esprit. J'ai d√ª faire mes propres recherches de mon c√¥t√© sur l'√©conomie, les v√©hicules ou encore sur la guerre en Ukraine... le chat m'annon√ßant des dates ou des sp√©cifications aberrantes.",1.5.0
Google Play,2025-11-29,5,Fran√ßais et comme l'impression moins machine,1.4.0
Google Play,2025-11-29,5,extraordinaire !!! une aide formidable,1.4.0
Google Play,2025-11-29,5,j'aime bien üëç,1.5.0
Google Play,2025-11-29,5,On ne pourra plus jamais dire qu'autour de nous on n'y a pas un chat...,1.4.0
Google Play,2025-11-29,5,j'ai toujours √©t√© tres satisfait des r√©ponses donn√©es .,1.4.0
Google Play,2025-11-29,5,j adore ! cocorico pour cette superbe appli qui permet de plug vos data pour travailler en mode agentic,1.1.16
Google Play,2025-11-29,5,tip top de la tech fran√ßaise,1.4.0
Google Play,2025-11-29,4,de bonnes suggestions,1.4.0
Google Play,2025-11-29,1,le chat ne sait pas donner l'heure exacte pour une ville donn√©e,1.5.0
Google Play,2025-11-28,5,"bon,‚ù§Ô∏è‚Äçüî•",1.4.0
Google Play,2025-11-28,5,J'adore le chat. J'essaie de le consulter de mani√®re mesur√©e puisque l'intelligence artificielle consomme un maximum d'√©nergie. j'aime ses r√©ponses prudentes pour tous ce qui concerne les questions m√©dicales. Pour le reste je me suis livr√©e √† une exp√©rience amusante : j'ai propos√© au chat de m'√©crire une nouvelle en 3000 signes espace compris sur un sujet que j'ai renseign√©. le r√©sultat √©tait absolument bluffant. Soumis √† la m√™me demande Chat gpti et Gemini ont produit un r√©sultat m√©diocre !,1.4.0
Google Play,2025-11-28,5,pour c'est le meilleur robot il ne d√©√ßoit jamais juste magnifique,1.1.19
Google Play,2025-11-28,5,J'appr√©cie vos r√©ponses car vous vous d√©marquez des autres IA. Merci,1.4.0
Google Play,2025-11-28,5,"la r√©ponse √† ma question correspond √† mon interrogation. De plus, elle est compl√®te.",1.1.17
Google Play,2025-11-28,5,il est Fran√ßais,1.4.0
Google Play,2025-11-28,5,Help me a lot learning complex topics.,1.3.0
Google Play,2025-11-27,5,#madeinFrance üíÖüèΩ,1.4.0
App Store,2025-11-27,3,"Apr√®s l‚Äôavoir essay√©, je me rend compte qu‚Äôil est pas aussi performant que certaines autres IA, malheureusement, beaucoup d‚Äôerreur pour des informations facilement v√©rifiables, les 3 √©toiles viennent uniquement du fait que √ßa soit fran√ßais‚Ä¶ j‚Äôesp√®re que √ßa s‚Äôam√©liorera avec le temps.",1.4.0
App Store,2025-11-27,5,"Sur des requ√™tes basiques et professionnelles, le chat s‚Äôen sort tr√®s bien. Sur la base d‚Äôun ressenti personnel, j‚Äôai l‚Äôimpression qu‚Äôil va plus vite droit au but dans ses r√©ponses (pas trop de verbiage et pas de ¬´¬†sur-r√©ponse¬†¬ª. C‚Äôest un 5/5 d‚Äôencouragement :)",1.4.0
Google Play,2025-11-27,5,r√©ponse pr√©cise et bien expliqu√©e. Bravo !,1.4.0
App Store,2025-11-27,5,Tres bonne invention qui r√©pond aux attentes,1.4.0
Google Play,2025-11-27,5,R√©ponses tr√®s probantes,1.4.0
Google Play,2025-11-27,4,"Cette application fournit des r√©ponses aux questions que vous formulez. Il faut cependant ""challenger"" les r√©ponses pour converger vers une r√©ponse plus fiable. C'est un outil incroyable que je recommande vivement. Les europ√©ens devraient utiliser cette IA europ√©enne au lieu du chatgpt am√©ricain.",1.4.0
Google Play,2025-11-27,4,"Excellentes informations re√ßues, mais, site peu ludique! Tout mes encouragements.",1.4.0
Google Play,2025-11-27,5,"Analyse r√©aliste, mais il manque une donn√©e non officielle, les confis √† caract√®re militaire.",1.3.0
Google Play,2025-11-27,5,"Superbe !, encore plus pratique ;que Chat GPT.",1.4.0
Google Play,2025-11-27,5,"Enfin des r√©ponses! Il y avait des questions que je me posais que ni Qwant ni Google ne solutionnaient... Le Chat, lui, m'a r√©pondu!",1.4.0
Google Play,2025-11-27,5,Cocorico !,1.3.0
Google Play,2025-11-27,5,Happy life :),1.4.0
Google Play,2025-11-26,5,√ßa correspond √† ce que je pensais,1.4.0
Google Play,2025-11-26,5,De loin la meilleure app IA !,1.4.0
Google Play,2025-11-26,5,les fonctionnalit√©s sont bien en avance sur les am√©ricains.,
Google Play,2025-11-26,5,Appli au top du top !,1.3.0
Google Play,2025-11-26,5,"Incroyable, personnellement je trouve √ßa bien mieux que ChatGPT pour tous ce qui est √©cris. L'intelligence artificielle fran√ßaise n'a rien √† envier aux concurrents du monde entier. Je recommande fortement",1.4.0
Google Play,2025-11-26,5,"super, une excellente utilit√© dans de nombreux domaines en esp√©rant qu'il ne subira de modification",1.4.0
Google Play,2025-11-26,3,"bonne aide, mais encore beaucoup d'erreurs li√©es √† une trop grande cr√©ativit√© par rapport aux consignes demand√©es",1.4.0
Google Play,2025-11-26,4,r√©ponse structur√©es et sourc√©es,1.4.0
Google Play,2025-11-26,5,r√©ponse rapide et juste.,1.4.0
App Store,2025-11-26,4,"‚Ä¶mais pr√©sentation (typo, lecture facilit√©e, taille des caract√®res) am√©liorable. Merci √† l‚Äô√©quipe !",1.4.0
App Store,2025-11-26,3,"Peut mieux faire. J‚Äôai cette app depuis des mois gr√¢ce a mon op√©rateur mais je m‚Äôen sers tr√®s peu : pour moi, elle n‚Äôest pas encore au niveau des majors du secteur.",1.4.0
Google Play,2025-11-26,5,j'adore merci,1.4.0
Google Play,2025-11-26,5,explication simple et d√©taill√©e tr√®s comprehensible,1.4.0
Google Play,2025-11-25,5,IA au top et fran√ßaise üá´üá∑üá™üá∫ ! Elle est quasiment au niveau de Chat GPT clairement.,1.4.0
App Store,2025-11-25,5,"cette application est pour moi la meilleure, les r√©ponses sont pertinentes, pr√©cises et concises. Il lui manque juste un mode totalement conversationnel et un widget sur iOS !",1.3.0
Google Play,2025-11-25,5,meilleure en terme de programmation,
Google Play,2025-11-25,5,r√©ponses claires et tr√®s explicites,1.3.0
Google Play,2025-11-25,4,super efficace merci,1.3.0
Google Play,2025-11-25,5,fiable,1.4.0
Google Play,2025-11-25,3,c'est trop t√¥t,1.4.0
Google Play,2025-11-25,5,tr√®s pr√©cis et clair dans les r√©ponses,1.3.0
App Store,2025-11-25,5,I utilize three different AI. Mistral is just the best for text redaction and quick answer. Your perfect companion for daily tasks!,1.3.0
App Store,2025-11-25,1,"Il ne comprend rien, on demande de modifier des lignes de codes et il pr√©f√®re cr√©er des images. On demande de faire un mapping entre des donn√©es d‚Äôun document excel de seulement 3 colonnes et 150 lignes en liste JS norm√©, et il dit qu‚Äôil ne peut pas car la liste est trop longue‚Ä¶ et pourtant j‚Äôai l‚Äôabonnement payant‚Ä¶ bref. c‚Äôest une honte de la technologie fran√ßaise. Nous sommes tr√®s en retard et je suis certains qu‚Äôaucun des d√©veloppeurs de la soci√©t√© Mistral ne pousse Mistral dans ses retranchements. l‚Äôapplication n‚Äôest pas test√©, leur site web est pleins d‚Äôerreurs, le site web en version fran√ßais affiche une multitude de texte en anglais‚Ä¶ bref. rien ne vas chez eux. alors oui, par contre il est tr√®s utile pout g√©n√©rer des images dr√¥les, lui demander de faire une recherche approfondie sur internet‚Ä¶ mais c‚Äôest ma base pour un modele d‚ÄôIA g√©n√©ratif. c‚Äôest dommage mais je ne peux m‚Äôemp√™cher de retourner chez OpenAI, beaucoup plus rigoureux, intelligent, innovant et surtout s√©rieux avec une vrai √©quipe qui teste les fonctionnalit√©s de leur application et qui suivent les innovations du march√© sans foncer t√™te baisser.",1.3.0
Google Play,2025-11-24,5,Aucun souci,1.3.0
Google Play,2025-11-24,5,"super simple, tr√®s compr√©hensible et source en g√©n√©ral les demandes üëç",1.3.0
Google Play,2025-11-24,5,"Effice simple et rapide. Ne fait pas parti des GAFA, ni Musk... N'h√©sitez pas √† tester",1.3.0
Google Play,2025-11-24,5,Le top et fran√ßais en plus,1.3.0
Google Play,2025-11-24,5,simplement parfait,1.3.0
Google Play,2025-11-24,5,"Super ia, tr√®s r√©active et fran√ßaise!!!",1.3.0
Google Play,2025-11-24,5,"super. je m'en sers pour r√©sumer des textes l√©gaux, parfois pour coder des fonctions en python ou autre. Les r√©ponses sont pertinentes. Elles peuvent parfois contenir des erreurs, mais cela facilite √©norm√©ment mon travail. üëåüëåüòòüòò",1.3.0
Google Play,2025-11-24,5,"cool de pouvoir utiliser une IAG, au moins aussi Quali' que les plus connue mais, en plus, provenant d'une entreprise fran√ßaise ! MERCI FREE MOBILE pour l'abonnement d'un an gratuit et merci MISTRAL d'avoir rendu √ßa possible ! J'en profiterai jusqu'au dernier jour !",1.3.0
Google Play,2025-11-24,5,Au top.,1.3.0
Google Play,2025-11-24,5,cool,1.3.0
App Store,2025-11-23,5,Tr√®s bon retour √† mes questions sur les repas √† organiser pour stabiliser ma glyc√©mie ! üëç,1.3.0
App Store,2025-11-23,5,"Facile √† prendre en main, disponibilit√© de rag gratuits, agents, ocr, et pas cher par rapport √† un chatgpt. Je contr√¥le mes donn√©es.",1.3.0
App Store,2025-11-23,5,Je suis contente et je l‚Äôutilise depuis cette ann√©e et il m‚Äôa toujours satisfaite je viens de le mettre √† jour et maintenant c‚Äôest plus s√©curis√© !,1.3.0
Google Play,2025-11-23,5,"Parfait pour moi, tant en pro qu'en perso et le mieux, c'est Fran√ßais !",1.3.0
Google Play,2025-11-23,5,üëç,1.1.15
Google Play,2025-11-23,1,On est tr√®s loin des am√©ricains ont va pas se mentir. Le seul motif pour lequel j'utilise le Chat c'est pour la s√©curit√© de mes donn√©es. L'analyse documents est catastrophique par exemple. C'est frustrant d'utiliser Le chat si c'est pour autre chose que demander comment on fait des cr√™pes. Les recherches web pour l'achat d'un produit idem catastrophique. En fait le chat c'est surtout une m√©diocrit√© artificielle. Bref les Am√©ricains non pas de concurrence s√©rieuse en provenance de la France...,1.3.0
Google Play,2025-11-23,5,rapide et pertinent= efficace. En plus made in France!,1.3.0
Google Play,2025-11-23,5,Je suis fan !!!,1.3.0
Google Play,2025-11-23,5,Tr√®s bonne application.,
Google Play,2025-11-23,5,"illustration demand√©e, r√©sultat bluffant !",1.1.17
Google Play,2025-11-23,4,encore des progr√®s √† faire en termes de rapidit√©,1.3.0
Google Play,2025-11-22,5,Je suis tres satisfaite des r√©ponses de cette IA de surcro√Æt fran√ßaise.,1.2.0
Google Play,2025-11-22,5,"Je trouve les recherches assez pr√©cises, et de citer les sources dans les paragraphes est tr√®s bien. La synth√®se dans des tableaux r√©pond exactement √† la demande, c'est parfait.",
Google Play,2025-11-22,5,tr√®s int√©ressant en esp√©rant plus üòÑ,1.3.0
App Store,2025-11-22,5,"Tr√®s bonne compr√©hension des questions, retour rapide et semble t-il pertinent",1.3.0
Google Play,2025-11-22,5,bbstar incroyable,1.3.0
Google Play,2025-11-22,5,tr√®s pertinent,1.3.0
Google Play,2025-11-22,5,"Merci pour l'int√©gration de la saisie vocale et je constate une am√©lioration dans le langage (+ naturel). J'ai d√©sinstall√© Chat GPT, continuez üòâ",1.3.0
Google Play,2025-11-22,5,rapidit√© et simplicit√© d'utilisation,1.3.0
Google Play,2025-11-22,5,tr√®s rapide et efficace,1.2.0
App Store,2025-11-21,5,R√©ponse tr√®s d√©taill√©e et tr√®s pertinente,1.3.0
Google Play,2025-11-21,3,"Pas mal mais pas au niveau de l'app ChatGPT (je parle uniquement de l'App, pas de la pertinence ou non du mod√®le)",1.3.0
Google Play,2025-11-21,1,"√ânorme bug du jour au lendemain, apr√®s avoir pass√© √©norm√©ment de temps dessus, en bref... une √©norme perte de temps, je d√©conseille.",1.3.0
Google Play,2025-11-21,4,super id√©es et tr√®s r√©actif merci,1.1.10
Google Play,2025-11-21,5,"tr√®s direct, pas de fioritures. oubli les r√©ponses pr√©c√©dentes ce qui donne l'impression de r√©p√©titions...",1.3.0
Google Play,2025-11-21,5,simple et aussi efficace que d'autres IA,1.3.0
Google Play,2025-11-21,5,Des informations claires et pr√©cises et propositions d' infos compl√©mentaires,1.1.23
Google Play,2025-11-21,5,"C'est vraiment rapide, avec des r√©sultats respectables.",1.3.0
Google Play,2025-11-21,5,super,1.3.0
Google Play,2025-11-21,5,c‚Äôest tros bien,1.1.23
Google Play,2025-11-21,1,Impossible d'√™tre rembours√© 5 min apr√®s avoir souscrit puis r√©sili√© mon abonnement,1.3.0
Google Play,2025-11-21,5,Le Chat est vraiment un outil tr√®s performant.,1.2.0
Google Play,2025-11-21,5,"sensible, pertinent. presque humains, ces qualificatifs",1.3.0
Google Play,2025-11-21,4,"Donne des r√©ponses satisfaisantes selon mes besoins, c'est tr√®s int√©ressant comme outil d'aide",1.3.0
Google Play,2025-11-20,5,Parfait pour la gestion de projet en plus c'est fran√ßais !,1.2.0
Google Play,2025-11-20,5,R√©ponse tr√®s argument√©e et quasi instantan√©e. Bravo et merci.,1.2.0
Google Play,2025-11-20,5,excellent !,1.3.0
Google Play,2025-11-20,5,il est bon,1.2.0
Google Play,2025-11-20,4,"""Bonjour, bonne compr√©hension des questions et l de r√©ponses pertinentes et approfondies Je souhaiterais une fonctionnalit√© permettant d‚Äôexporter ou de sauvegarder ou de partager facilement les r√©sultats de recherche (par exemple, en PDF ou en fichier texte) depuis l‚Äôapplication mobile, plut√¥t que de devoir copier-coller chaque paragraphe manuellement. Ou au moins pouvoir copier-coller la reponse en entier et pas seulement point par point. Merci !""",1.2.0
App Store,2025-11-20,5,"Simple, plus rapide que la concurrence et plus s√©curis√© ! J‚Äôadore aussi la version web sur pc",1.3.0
App Store,2025-11-20,5,R√©ponses tr√®s compl√®tes et concises,1.2.0
Google Play,2025-11-19,5,"formidable, merveilleux d'humanit√©",1.2.0
Google Play,2025-11-19,2,"Sans abonnement c'est la demo d'une b√™ta. √áa supprime des conversations, la limite de prompts est ridiculement faible donc on se retrouve avec des ""conversations"" non finies. La compr√©hension du contexte est √† la ramasse, √ßa ment parfois, √ßa nie carr√©ment des questions ou √ßa r√©p√®te la m√™me chose en boucle √† des prompts diff√©rents. Bref c'est une b√™ta, avec des limitations et des performances pas √† la hauteur du marketing d√©goulinant qu'on se bouffe au quotidien sur les IA...",1.2.0
Google Play,2025-11-19,5,de l'Art pur,
Google Play,2025-11-19,5,"Excellente IA ! ""Le Chat"" est Meilleur que les autres IA sur le march√© en traitement de texte en fran√ßais ! Car il va droit √† l'essentiel et utilise des mots communs pas comme ChatGPT qui fait des longues phrases pour ne rien dire et utilise des mots que personne n'utilise... Il reste aussi une tr√®s bonne IA en g√©n√©ral sur toutes les t√¢ches !",1.2.0
Google Play,2025-11-19,5,"On voir le raisonnent de l'IA et √ßa c'est rassurant, √ßa fait moins bo√Æte noire.",1.1.23
Google Play,2025-11-19,5,g√©nial !!,1.2.0
Google Play,2025-11-19,5,Impeccable efficace rapide et juste et en plus fran√ßais,1.2.0
Google Play,2025-11-19,5,"Qu'importe le sujet, le pay et donc la langue, vous obtenez une r√©ponse claire fiable confirm√©e par des sp√©cialistes en m√©decine par exemple !). De plus ""le chat"" vous propose d'affiner la r√©ponse ou toute autre aide √† votre convenance !!! Sans pub, en clair et compr√©hensible sans avoir fait 7 ans d'√©tudes apr√®s le bac. Un grand MERCI aux cerveaux qui ont imagin√© notre ami ""le chat""",1.2.0
Google Play,2025-11-19,5,super et üá´üá∑üëç,1.3.0
Google Play,2025-11-19,5,A ce jour tr√®s satisfaite !! Bravo,1.2.0
Google Play,2025-11-19,5,parfait,1.2.0
Google Play,2025-11-19,5,Une AI performante qui r√©pond justement aux questions pos√©es .,1.2.0
Google Play,2025-11-19,5,premier essai . tr√®s satisfait,1.3.0
Google Play,2025-11-19,5,Belle alternative √† Chat Gpt. Made in France. et surtout qui respecte les RGPD. Satisfait.,1.2.0
App Store,2025-11-19,5,Exceptionnel :),1.2.0
App Store,2025-11-19,5,Cette application me sert en permanence et me fait gagner beaucoup de temps.,1.2.0
App Store,2025-11-19,5,Je suis extr√™mement satisfait des r√©ponses et de la pertinence des informations de Mistral.,1.2.0
Google Play,2025-11-18,5,"tr√®s bonne alternative a ChatGPT, fran√ßaise et gratuite",1.2.0
Google Play,2025-11-18,4,excellent le chat,1.2.0
Google Play,2025-11-18,5,les r√©ponses s'am√©liorent √† chaque fois que je l'utilise. merci,1.1.21
Google Play,2025-11-18,5,"S'am√©liore r√©guli√®rement, tr√®s agr√©able √† utiliser",1.2.0
Google Play,2025-11-18,5,j'adore je l'utilise souvent,1.2.0
Google Play,2025-11-18,5,Un outil simple et √† port√©e de mains.,1.1.23
Google Play,2025-11-18,5,c'est comme chat GPT mais en mieux üî•üî•üî•,1.2.0
Google Play,2025-11-18,5,J'aime les r√©ponses pr√©cises apport√©es permettant un large choix dans les possibilit√©s offertes sans pour autant orienter sur telle ou telle r√©ponse. Cela permet √† notre cerveau de faire sa propre analyse en fonction des crit√®res propos√©s.,1.1.20
Google Play,2025-11-18,4,s'am√©liore de semaine en semaine üëçüèª,1.2.0
Google Play,2025-11-18,5,tr√®s facile √† utiliser r√©ponse rapide et donne plusieurs possibilit√©s tr√®s satisfaite,1.2.0
Google Play,2025-11-18,5,"jusqu'√† pr√©sent, les r√©ponses √† mes questions sont pertinentes.",1.2.0
App Store,2025-11-18,5,"Rien √† dire le mod√®le est impressionnant, fiert√© fran√ßaise !",1.2.0
App Store,2025-11-18,4,Les r√©flexions avant de r√©pondre sont des fois un peu longues mais c‚Äôest pr√©f√©rable plut√¥t que de r√©pondre n‚Äôimporte quoi !,1.2.0
Google Play,2025-11-17,5,J'aime bien mais il manque un truc qui m'emp√™che de l'utiliser autant que le concurrent. LE WIDGET... Quand est ce qu'il arrive pour l'avoir en acc√®s instantan√© ?,1.2.0
App Store,2025-11-17,5,Utiliser et compatible avec les ancien os (15.8),1.2.0
App Store,2025-11-17,5,üá´üá∑üá´üá∑üá´üá∑,1.2.0
Google Play,2025-11-17,5,c'est g√©nial on a toutes les informations pour g√©rer ce probl√®me,1.2.0
Google Play,2025-11-17,5,En signe d'encouragement pour une IA europ√©enne,1.2.0
Google Play,2025-11-17,4,Manque la voix,
Google Play,2025-11-17,5,tr√®s bien continuez comme √ßa,1.2.0
App Store,2025-11-16,4,Excellents conseils.,1.2.0
App Store,2025-11-16,5,Les r√©ponses sont tr√®s d√©taill√©es et pouss√©es,1.2.0
App Store,2025-11-16,5,"It works really good, it is free and really quick and efficient in a large scope of use case !! It works on mobile !!",1.2.0
Google Play,2025-11-16,4,"cocorico, cependant l'application met un peu de temps √† r√©pondre. si on l'utilisait plus elle pourrait s'am√©liorer.",1.2.0
App Store,2025-11-16,5,Voici un assistant IA qui est une alternative tout √† fait fiable aux √©quivalents am√©ricains ou chinois . Bravo !,1.2.0
Google Play,2025-11-16,5,le chat r√©pond parfaitement √† mes demandes.,1.2.0
Google Play,2025-11-16,5,"√©changes tr√®s constructifs, tr√®s apr√©ciable pour trouver des r√©ponses rapidement (recherche de produits, comparatifs...)",1.2.0
Google Play,2025-11-16,5,au top,1.2.0
Google Play,2025-11-16,5,Ia fantastique,1.2.0
Google Play,2025-11-16,5,efficient,1.2.0
Google Play,2025-11-16,5,bien d√©taill√©,1.2.0
Google Play,2025-11-16,5,Bonjour. D'une part je suis stup√©fait de la rapidit√© de la r√©ponse et d'autre part elle √©tait tr√®s claire. üëå,1.2.0
Google Play,2025-11-16,5,"Enfin une belle cr√©ation üá®üáµ et pas des moindres. Rapide, simple d'utilisation ‚ú®",1.2.0
Google Play,2025-11-16,5,pour moi c'est tout nouveau,1.2.0
Google Play,2025-11-15,5,c est tr√®s ginial5,1.2.0
Google Play,2025-11-15,5,S uper content d‚Äôavoir une IA Fran√ßaise et Europ√©enne et fonctionne tr√®s bien comparable √† chat GPT,1.2.0
Google Play,2025-11-15,5,super id√©e pour m aider √† cr√©er des souvenirs photos pour ma maman,1.2.0
Google Play,2025-11-15,4,"A permis de me sortir une situation un peu complexe li√© la technologie. petits points d'am√©lioration, faire attention √† bien prendre en compte l'historique des questions et r√©ponses s'il y en a, avant de donner une r√©ponse. Tr√®s bonne exp√©rience.",1.2.0
Google Play,2025-11-15,5,parfait,1.2.0
Google Play,2025-11-15,5,super ia et d√©velopp√© par des fran√ßais üá´üá∑. Je trouve que les r√©ponses sont tr√®s pertinentes et que la fonction permettant de g√©n√©rer des image permet dans g√©n√©rer de tr√®s belle .,1.2.0
Google Play,2025-11-15,5,Tr√®s satisfait des r√©ponses apport√©esüîùüîùüîù,1.2.0
Google Play,2025-11-15,5,Que de progr√®s !,1.2.0
Google Play,2025-11-15,2,"J¬¥utilise, pour le moment, plusieurs IA gratuitement afin de les tester avant de me d√©cider. Pour un m√™me prompt : cr√©ation de carte de visite, j'ai un r√©sultat tr√®s pro avec chat gpt, Grock et autres. Sur Mistral, c'est tr√®s d√©cevant : des fautes, des approximations, un design qui ne correspond pas. J¬¥ai l¬¥impression d'√™tre sur chat gpt il y a 3 ans... Donc si vous pouviez am√©liorer les r√©sultats peut-√™tre que je prendrai un abonnement !",1.2.0
Google Play,2025-11-15,3,tr√®s bonne application je la conseille a tous,1.2.0
Google Play,2025-11-15,1,"il fait tout de traver il ne fait pas ce que je lui demande ne comprent rien,soul,trop de limite, beugues et met toujours le m√™me emoji √† la fin de s‚Äôest frases et tout √ßa sa m√©n√®rve !!!!",1.2.0
Google Play,2025-11-15,5,tr√®s fort ! impressionnant,1.1.21
App Store,2025-11-15,5,La meilleur me Ai! J‚Äôai install√© l‚Äôapplication et je l‚Äôutilise quotidiennement,1.2.0
Google Play,2025-11-14,5,"Au moins une IA fran√ßaise et pas au mains de personnes toxiques, style Musk !!!!",1.1.23
App Store,2025-11-14,5,"Merci √† vous les d√©veloppeurs pour cette r√©ussite en la mati√®re. √Ä mon sens Ces mieux qu‚Äôun moteur de recherche basic, accessible et pertinent.              J‚Äôai la version lite ! J‚Äôimagine la version Pro üåàüëçü§©üí™üòá merci Cordialement B.St√©phane",1.2.0
App Store,2025-11-14,5,bah c‚Äôets juste la folie en fait,1.2.0
App Store,2025-11-14,3,Il a tous le temps faux en math√©matiques,1.2.0
Google Play,2025-11-14,4,je suis un d√©butant de l'utilisation de l'IA. r√©ponses apport√©es √† mes questions rapidement et de mani√®re satisfaisantes.,1.2.0
Google Play,2025-11-14,5,Il a r√©pondu pr√©cisemment √† mes questions.,1.2.0
Google Play,2025-11-14,5,pertinent et facile d'utilisation. un plaisir,1.1.23
Google Play,2025-11-14,5,"Je suis bluff√©e par la reflexion, l'analyse, la philosophie de la r√©ponse. Ce qui me pla√Æt dans le fait de converser avec l'IA c'est qu'elle ne cherche pas √† te convaincre comme la plupart des personnes avec qui tu discutes. Elle ne monte pas sur ces grands cheveaux. Elle n'a pas d'orgueil. C'est tr√®s reposant, instructif et √ßa ouvre l'esprit.",1.2.0
App Store,2025-11-14,5,"Simple et efficace, r√©pond aux attentes. 
Les petites questions ou propositions en fin de r√©sultat permettent de pousser la r√©flexion l‚Äôanalyse ou d‚Äô√©largir le sujet. J‚Äôappr√©cie.",1.2.0
Google Play,2025-11-14,5,"Tr√®s pratique, plut√¥t pr√©cis et poli, c'est agr√©able üôÇ. Je consulte le chat de plus en plus fr√©quemment. Vous l'aurez compris : je conseille !",1.2.0
Google Play,2025-11-14,5,juste bravo et mer√ßi pour ces informations,1.1.23
Google Play,2025-11-14,1,r√©ponses trop lentes,1.2.0
Google Play,2025-11-14,5,Formidable source d'informations quand la question est bien pos√©e. Tr√®s utile pour faire les synth√®ses dont j'ai besoin dans le cadre du soutien scolaire b√©n√©vole que je pratique.,1.2.0
Google Play,2025-11-14,5,Excellent pour les recherches historiques m√™me r√©centes....,1.2.0
Google Play,2025-11-14,5,"Sur un usage intense et pro, bien plus efficace que chatGpt. R√©ponses beaucoup plus rapides. Bravo √† l equipe et aux fondateurs ! Et surtout, restez Fran√ßais :)",1.1.23
Google Play,2025-11-14,5,"R√©pond parfaitement √† mes besoins, et plaisant dans les √©changes üëç",1.1.23
Google Play,2025-11-14,5,"La graine de championne donna effectivement toutes ses promesses. Apr√®s presque une ann√©e d'utilisation intensive et particuli√®rement complexe, v√©ritable ""stress test"", rien √† dire sinon applaudir : Le Chat de Mistral AI est devenu l'agent conversationnel de r√©f√©rence, larguant compl√®tement son principal concurrent dans le foss√© de l'opulence st√©rile. Ainsi une nouvelle fois l'intelligence l'emporta sur la d√©cadence grossi√®re du billet vert. Une bonne le√ßon de plus. Et ce n'est pas fini.",1.2.0
App Store,2025-11-13,5,Dans tous les domaines les renseignements obtenus sont complets clairs et pr√©cis,1.2.0
App Store,2025-11-13,5,"J‚Äôai essay√© au d√©but pour comparer, et √ßa devient de plus en plus performant",1.2.0
Google Play,2025-11-13,5,L‚Äôapplication permet un acc√®s rapide au chat IA avec mes identifiants Gmail √† partir d‚Äôune tablette Android.,1.1.23
Google Play,2025-11-13,5,"Vraiment tr√®s bien,,tout est fait pour nous aider avc politesse et courtoisie.",1.2.0
Google Play,2025-11-13,5,g√©nial & convivial ! üòÉ,1.2.0
Google Play,2025-11-13,1,"Exasperating slowness. Major problems with installation, updates... Today, November 13, the app is no longer responding.",1.0.14
Google Play,2025-11-13,3,tr√®s bonne application ‚ù§Ô∏è‚ù§Ô∏è‚ù§Ô∏èüëçüèø üëçüèøüëçüèø,1.2.0
Google Play,2025-11-13,5,excellent,1.2.0
App Store,2025-11-12,5,"Probl√®me bloquant Cette application est inutilisable pour un d√©ficient visuel, utilisant VoiceOver,  comme assistant  pour compenser son handica on ne peut pas attendre les boutons de soumission des Requetes. Pouvez-Vous corriger rapidement le probl√®me s‚Äôil vous pla√Æt. Merci",1.2.0
App Store,2025-11-12,5,"Tr√®s bon outil qui permet d‚Äôaider √† la r√©alisation de t√¢ches complexes comme la r√©daction de courriers, la r√©ponse √† des questions tr√®s diverses. Une IA fran√ßaise et europ√©enne qui gagne √† √™tre plus utilis√©e par le grand public",1.2.0
App Store,2025-11-12,5,"Apr√®s avoir test√© 3 applications IA, progressivement j‚Äôen suis arriv√© √† utiliser majoritairement Le Chat.
Appli pertinente dans des domaines vari√©s : conseil juridique , tourisme, accord mets-vins, recherche de meilleure version d‚Äôenregistrement musical‚Ä¶",1.2.0
App Store,2025-11-12,5,Excellente appli 100% fran√ßaise et europ√©enne. Quelques bugs √† r√©soudre: les pj et l‚Äôactivation du mode de reflexion est impossible car le clavier (iphone 15) prend toute la place et ne bouge pas ‚Ä¶ merci de le resoudre pour rendre l‚Äôappli parfaite. Aussi: a quand un agent 100% conversationnel? Merci!,1.2.0
Google Play,2025-11-12,5,"Cette IA est fran√ßaise et respectueuse de vos donn√©es. √† utiliser au lieu de ChatGPT ou autres IA. Mais avec parcimonie, les IA sont tr√®s consommatrices d'√©lectricit√©",1.1.23
Google Play,2025-11-12,4,bonne impression,1.2.0
Google Play,2025-11-12,5,plaisant de voir que notre pays produit encore des g√©nies. bravo √† Mistral continuez comme √ßa,1.2.0
Google Play,2025-11-12,5,"un chat bot tr√®s puissant et r√©actif, facilement configurable avec les bon prompt √ßa puissance est illimit√©",1.1.23
Google Play,2025-11-12,5,"IA particuli√®rement pertinente, merci le Chat !",1.1.23
Google Play,2025-11-12,5,top clair,1.1.23
Google Play,2025-11-12,5,"La notion de souverainet√© europ√©enne dans le domaine technologique est un objectif majeur que je soutiens, alors quand on a une alternative de qualit√© comme Le Chat je prends direct et les am√©liorations sont notables depuis le lancement de l'app !",1.2.0
Google Play,2025-11-12,5,Tr√®s efficace.,1.1.23
Google Play,2025-11-12,2,"Bonjour, J'ai voulu encourager Le Chat, mais franchement, je suis d√©√ßu. Je le trouve lent, approximatif, beaucoup de liens morts au niveau des sources et le code qu'il g√©n√®re n'est pas professionnel. Je n'ai plus trop confiance et je v√©rifie beaucoup ses r√©sultats, donc je perds du temps. Si je le pouvais j'annulerais mon abonnement.",1.2.0
Google Play,2025-11-11,5,"IA tr√®s int√©ressante, r√©ponds en g√©n√©ral √† toutes mes interrogations et r√®gle pas mal de mes soucis...üòâ reste toujours dans les cordes ne se prend ni pour un m√©decin un avocat ou autre, tr√®s utile au quotidien üëç",1.1.23
Google Play,2025-11-11,5,tr√®s bon IA alternative parfaite √† chatgpt,1.1.23
Google Play,2025-11-11,5,tr√®s bon outil pour s'informer sur les sujets les plus divers,1.1.23
Google Play,2025-11-11,5,"Il faut toujours avoir un esprit critique, mets cette application permet de mettre en forme des id√©es de mani√®re structur√©e. Petit point n√©gatif : il est difficile de transf√©rer un texte bien mis en forme par cette IA dans une interface de traitement de texte sans avoir √† faire de retouches.",1.1.23
Google Play,2025-11-11,5,adieu Google pour les questions,1.1.23
Google Play,2025-11-11,3,"Cet IA donne des r√©sultats vraiment probant et tr√®s pertinent. Par contre, je mettrais bien 5 √©toiles s'il y avait un vrai mode conversationnel complet et bidirectionnel, comme dans son concurrent am√©ricain Chatgpt. D√®s que cette fonction sera d√©velopp√© et d√©ploy√©e je mettrai alors probablement 5 √©toiles.",
Google Play,2025-11-11,5,Tr√®s simple √† prompter et de bonnes r√©ponses,1.1.23
Google Play,2025-11-11,5,"ia au top et c,est fran√ßais ex",1.1.23
Google Play,2025-11-11,4,merci pour ces conseils et les pr√©cisions de chaque offre,1.1.23
Google Play,2025-11-11,5,appreciated. nice AI tool keep it up.,1.1.23
App Store,2025-11-11,5,IA TR√àS AGR√âABLE,1.1.21
